Workbook

Sheet Project Info
B3: STUDENT GRADE CALCULATOR
B6: Project Information
B8: Project Name
B9: Client Name
B10: Location
B11: Date
B12: Prepared By

Sheet Student Sheet
A1: Student Sheet
A4: Student ID | B4: Last Name | C4: First Name | D4: Quiz | E4: Assignment | F4: Midterm | G4: Final Exam | H4: Final Grade | I4: Remarks
A5: 2026-001 | B5: Santos | C5: Geneva | D5: 90 | E5: 92 | F5: 88 | G5: 91 | H5: =AVERAGE(D5:G5) -> 90.25 | I5: =IF(H5>75,"Pass","Fail") -> Pass
A6: 2026-002 | B6: Dela Cruz | C6: Maria | D6: 85 | E6: 87 | F6: 84 | G6: 86 | H6: =AVERAGE(D6:G6) -> 85.5 | I6: =IF(H6>75,"Pass","Fail") -> Pass
A7: 2026-003 | B7: Reyez | C7: Vicky | D7: 95 | E7: 94 | F7: 96 | G7: 97 | H7: =AVERAGE(D7:G7) -> 95.5 | I7: =IF(H7>75,"Pass","Fail") -> Pass
A8: 2026-004 | B8: Gracia | C8: John | D8: 80 | E8: 82 | F8: 81 | G8: 83 | H8: =AVERAGE(D8:G8) -> 81.5 | I8: =IF(H8>75,"Pass","Fail") -> Pass
A9: 2026-005 | B9: Tan | C9: Josef | D9: 74 | E9: 76 | F9: 75 | G9: 77 | H9: =AVERAGE(D9:G9) -> 75.5 | I9: =IF(H9>75,"Pass","Fail") -> Pass
H10: =AVERAGE(D10:G10) -> #DIV/0! | I10: =IF(H10>75,"Pass","Fail") -> #DIV/0!
H11: =AVERAGE(D11:G11) -> #DIV/0! | I11: =IF(H11>75,"Pass","Fail") -> #DIV/0!
H12: =AVERAGE(D12:G12) -> #DIV/0! | I12: =IF(H12>75,"Pass","Fail") -> #DIV/0!
H13: =AVERAGE(D13:G13) -> #DIV/0! | I13: =IF(H13>75,"Pass","Fail") -> #DIV/0!
H14: =AVERAGE(D14:G14) -> #DIV/0! | I14: =IF(H14>75,"Pass","Fail") -> #DIV/0!
H15: =AVERAGE(D15:G15) -> #DIV/0! | I15: =IF(H15>75,"Pass","Fail") -> #DIV/0!
H16: =AVERAGE(D16:G16) -> #DIV/0! | I16: =IF(H16>75,"Pass","Fail") -> #DIV/0!
H17: =AVERAGE(D17:G17) -> #DIV/0! | I17: =IF(H17>75,"Pass","Fail") -> #DIV/0!
H18: =AVERAGE(D18:G18) -> #DIV/0! | I18: =IF(H18>75,"Pass","Fail") -> #DIV/0!
H19: =AVERAGE(D19:G19) -> #DIV/0! | I19: =IF(H19>75,"Pass","Fail") -> #DIV/0!
H20: =AVERAGE(D20:G20) -> #DIV/0! | I20: =IF(H20>75,"Pass","Fail") -> #DIV/0!
H21: =AVERAGE(D21:G21) -> #DIV/0! | I21: =IF(H21>75,"Pass","Fail") -> #DIV/0!
... H29: =AVERAGE(D29:G29) -> #DIV/0! | I29: =IF(H29>75,"Pass","Fail") -> #DIV/0!

Sheet Summary
A1: SUMMARY SECTION
A3: Description | C3: Value
A4: Class Average | C4: =AVERAGE('Student Sheet'!G5:G9) -> 86.8
A5: Highest Grade | C5: =MAX('Student Sheet'!H5:H9) -> 95.5
A6: Lowest Grade | C6: =MIN('Student Sheet'!H5:H9) -> 75.5
A7: Students Passed | C7: =COUNTIFS('Student Sheet'!I5:I9,"Pass") -> 5
A8: Students Failed | C8: =COUNTIF('Student Sheet'!I5:I9,"Fail") -> 0
